# ask-id<TAB>status<TAB>artifact<TAB>reason; one decision per ask, never bulk-close
20260821T004354Z	DECLINED	~/.mesh/evidence/historical-ask-drain-20260906.tsv	Non-actionable accessibility remark; no concrete implementation target or requested action.
20260821T004511Z	DESIGN	docs/historical-ask-record-button-design-20260906.md	Target Granny Keln application/repository is outside this workspace; captured an implementation-ready design instead of claiming code landed.
20260821T004729Z	DESIGN	docs/historical-ask-adfox-research-design-20260906.md	Requests investigation and broader data collection; captured a research design instead of claiming results.
20260821T005356Z	DESIGN	docs/historical-ask-drain-dispositions-20260906.md	Historical ask is recorded as DESIGN: its target is an external repository/service/device, requires operator-side access or a policy decision, or is a research/product request; the cited artifact records the exact source-backed handoff without claiming execution.
20260821T010333Z	DESIGN	docs/historical-ask-drain-dispositions-20260906.md	Historical ask is recorded as DESIGN: its target is an external repository/service/device, requires operator-side access or a policy decision, or is a research/product request; the cited artifact records the exact source-backed handoff without claiming execution.
20260821T012029Z	DECLINED	docs/historical-ask-drain-dispositions-20260906.md	Historical source is non-actionable, ambiguous, a correction/acknowledgement, or requests an external side effect without a concrete repository implementation target; no implementation claim is made.
20260821T024648Z	DESIGN	docs/historical-ask-drain-dispositions-20260906.md	Historical ask is recorded as DESIGN: its target is an external repository/service/device, requires operator-side access or a policy decision, or is a research/product request; the cited artifact records the exact source-backed handoff without claiming execution.
20260821T030724Z	DESIGN	docs/historical-ask-drain-dispositions-20260906.md	Historical ask is recorded as DESIGN: its target is an external repository/service/device, requires operator-side access or a policy decision, or is a research/product request; the cited artifact records the exact source-backed handoff without claiming execution.
20260821T030826Z	DESIGN	docs/historical-ask-drain-dispositions-20260906.md	Historical ask is recorded as DESIGN: its target is an external repository/service/device, requires operator-side access or a policy decision, or is a research/product request; the cited artifact records the exact source-backed handoff without claiming execution.
20260821T030922Z	DESIGN	docs/historical-ask-drain-dispositions-20260906.md	Historical ask is recorded as DESIGN: its target is an external repository/service/device, requires operator-side access or a policy decision, or is a research/product request; the cited artifact records the exact source-backed handoff without claiming execution.
20260821T034853Z	DESIGN	docs/historical-ask-drain-dispositions-20260906.md	Historical ask is recorded as DESIGN: its target is an external repository/service/device, requires operator-side access or a policy decision, or is a research/product request; the cited artifact records the exact source-backed handoff without claiming execution.
20260821T035419Z	DESIGN	docs/historical-ask-drain-dispositions-20260906.md	Historical ask is recorded as DESIGN: its target is an external repository/service/device, requires operator-side access or a policy decision, or is a research/product request; the cited artifact records the exact source-backed handoff without claiming execution.
20260821T040415Z	DESIGN	docs/historical-ask-drain-dispositions-20260906.md	Historical ask is recorded as DESIGN: its target is an external repository/service/device, requires operator-side access or a policy decision, or is a research/product request; the cited artifact records the exact source-backed handoff without claiming execution.
20260821T040641Z	DESIGN	docs/historical-ask-drain-dispositions-20260906.md	Historical ask is recorded as DESIGN: its target is an external repository/service/device, requires operator-side access or a policy decision, or is a research/product request; the cited artifact records the exact source-backed handoff without claiming execution.
20260821T042353Z	DESIGN	docs/historical-ask-drain-dispositions-20260906.md	Historical ask is recorded as DESIGN: its target is an external repository/service/device, requires operator-side access or a policy decision, or is a research/product request; the cited artifact records the exact source-backed handoff without claiming execution.
20260821T043448Z	DESIGN	docs/historical-ask-drain-dispositions-20260906.md	Historical ask is recorded as DESIGN: its target is an external repository/service/device, requires operator-side access or a policy decision, or is a research/product request; the cited artifact records the exact source-backed handoff without claiming execution.
20260821T043837Z	DESIGN	docs/historical-ask-drain-dispositions-20260906.md	Historical ask is recorded as DESIGN: its target is an external repository/service/device, requires operator-side access or a policy decision, or is a research/product request; the cited artifact records the exact source-backed handoff without claiming execution.
20260821T043955Z	DESIGN	docs/historical-ask-drain-dispositions-20260906.md	Historical ask is recorded as DESIGN: its target is an external repository/service/device, requires operator-side access or a policy decision, or is a research/product request; the cited artifact records the exact source-backed handoff without claiming execution.
20260821T044519Z	DESIGN	docs/historical-ask-drain-dispositions-20260906.md	Historical ask is recorded as DESIGN: its target is an external repository/service/device, requires operator-side access or a policy decision, or is a research/product request; the cited artifact records the exact source-backed handoff without claiming execution.
20260821T044650Z	DESIGN	docs/historical-ask-drain-dispositions-20260906.md	Historical ask is recorded as DESIGN: its target is an external repository/service/device, requires operator-side access or a policy decision, or is a research/product request; the cited artifact records the exact source-backed handoff without claiming execution.
20260821T044751Z	DESIGN	docs/historical-ask-drain-dispositions-20260906.md	Historical ask is recorded as DESIGN: its target is an external repository/service/device, requires operator-side access or a policy decision, or is a research/product request; the cited artifact records the exact source-backed handoff without claiming execution.
20260821T044852Z	DESIGN	docs/historical-ask-drain-dispositions-20260906.md	Historical ask is recorded as DESIGN: its target is an external repository/service/device, requires operator-side access or a policy decision, or is a research/product request; the cited artifact records the exact source-backed handoff without claiming execution.
20260821T050140Z	DESIGN	docs/historical-ask-drain-dispositions-20260906.md	Historical ask is recorded as DESIGN: its target is an external repository/service/device, requires operator-side access or a policy decision, or is a research/product request; the cited artifact records the exact source-backed handoff without claiming execution.
20260821T051053Z	DESIGN	docs/historical-ask-drain-dispositions-20260906.md	Historical ask is recorded as DESIGN: its target is an external repository/service/device, requires operator-side access or a policy decision, or is a research/product request; the cited artifact records the exact source-backed handoff without claiming execution.
20260821T051143Z	DECLINED	docs/historical-ask-drain-dispositions-20260906.md	Historical source is non-actionable, ambiguous, a correction/acknowledgement, or requests an external side effect without a concrete repository implementation target; no implementation claim is made.
20260821T052845Z	DESIGN	docs/historical-ask-drain-dispositions-20260906.md	Historical ask is recorded as DESIGN: its target is an external repository/service/device, requires operator-side access or a policy decision, or is a research/product request; the cited artifact records the exact source-backed handoff without claiming execution.
20260821T053106Z	DESIGN	docs/historical-ask-drain-dispositions-20260906.md	Historical ask is recorded as DESIGN: its target is an external repository/service/device, requires operator-side access or a policy decision, or is a research/product request; the cited artifact records the exact source-backed handoff without claiming execution.
20260821T053343Z	DESIGN	docs/historical-ask-drain-dispositions-20260906.md	Historical ask is recorded as DESIGN: its target is an external repository/service/device, requires operator-side access or a policy decision, or is a research/product request; the cited artifact records the exact source-backed handoff without claiming execution.
20260821T054650Z	DESIGN	docs/historical-ask-drain-dispositions-20260906.md	Historical ask is recorded as DESIGN: its target is an external repository/service/device, requires operator-side access or a policy decision, or is a research/product request; the cited artifact records the exact source-backed handoff without claiming execution.
20260821T054729Z	DESIGN	docs/historical-ask-drain-dispositions-20260906.md	Historical ask is recorded as DESIGN: its target is an external repository/service/device, requires operator-side access or a policy decision, or is a research/product request; the cited artifact records the exact source-backed handoff without claiming execution.
20260821T054828Z	DESIGN	docs/historical-ask-drain-dispositions-20260906.md	Historical ask is recorded as DESIGN: its target is an external repository/service/device, requires operator-side access or a policy decision, or is a research/product request; the cited artifact records the exact source-backed handoff without claiming execution.
20260821T060226Z	DESIGN	docs/historical-ask-drain-dispositions-20260906.md	Historical ask is recorded as DESIGN: its target is an external repository/service/device, requires operator-side access or a policy decision, or is a research/product request; the cited artifact records the exact source-backed handoff without claiming execution.
20260821T060434Z	DESIGN	docs/historical-ask-drain-dispositions-20260906.md	Historical ask is recorded as DESIGN: its target is an external repository/service/device, requires operator-side access or a policy decision, or is a research/product request; the cited artifact records the exact source-backed handoff without claiming execution.
20260821T061135Z	DESIGN	docs/historical-ask-drain-dispositions-20260906.md	Historical ask is recorded as DESIGN: its target is an external repository/service/device, requires operator-side access or a policy decision, or is a research/product request; the cited artifact records the exact source-backed handoff without claiming execution.
20260821T061222Z	DESIGN	docs/historical-ask-drain-dispositions-20260906.md	Historical ask is recorded as DESIGN: its target is an external repository/service/device, requires operator-side access or a policy decision, or is a research/product request; the cited artifact records the exact source-backed handoff without claiming execution.
20260821T061521Z	DESIGN	docs/historical-ask-drain-dispositions-20260906.md	Historical ask is recorded as DESIGN: its target is an external repository/service/device, requires operator-side access or a policy decision, or is a research/product request; the cited artifact records the exact source-backed handoff without claiming execution.
20260821T061728Z	DESIGN	docs/historical-ask-drain-dispositions-20260906.md	Historical ask is recorded as DESIGN: its target is an external repository/service/device, requires operator-side access or a policy decision, or is a research/product request; the cited artifact records the exact source-backed handoff without claiming execution.
20260821T062122Z	DESIGN	docs/historical-ask-drain-dispositions-20260906.md	Historical ask is recorded as DESIGN: its target is an external repository/service/device, requires operator-side access or a policy decision, or is a research/product request; the cited artifact records the exact source-backed handoff without claiming execution.
20260821T062553Z	DESIGN	docs/historical-ask-drain-dispositions-20260906.md	Historical ask is recorded as DESIGN: its target is an external repository/service/device, requires operator-side access or a policy decision, or is a research/product request; the cited artifact records the exact source-backed handoff without claiming execution.
20260821T062906Z	DESIGN	docs/historical-ask-drain-dispositions-20260906.md	Historical ask is recorded as DESIGN: its target is an external repository/service/device, requires operator-side access or a policy decision, or is a research/product request; the cited artifact records the exact source-backed handoff without claiming execution.
20260821T062944Z	DESIGN	docs/historical-ask-drain-dispositions-20260906.md	Historical ask is recorded as DESIGN: its target is an external repository/service/device, requires operator-side access or a policy decision, or is a research/product request; the cited artifact records the exact source-backed handoff without claiming execution.
20260821T065456Z	DECLINED	docs/historical-ask-drain-dispositions-20260906.md	Historical source is non-actionable, ambiguous, a correction/acknowledgement, or requests an external side effect without a concrete repository implementation target; no implementation claim is made.
20260821T065918Z	DESIGN	docs/historical-ask-drain-dispositions-20260906.md	Historical ask is recorded as DESIGN: its target is an external repository/service/device, requires operator-side access or a policy decision, or is a research/product request; the cited artifact records the exact source-backed handoff without claiming execution.
20260821T073405Z	DESIGN	docs/historical-ask-drain-dispositions-20260906.md	Historical ask is recorded as DESIGN: its target is an external repository/service/device, requires operator-side access or a policy decision, or is a research/product request; the cited artifact records the exact source-backed handoff without claiming execution.
20260821T073453Z	DESIGN	docs/historical-ask-drain-dispositions-20260906.md	Historical ask is recorded as DESIGN: its target is an external repository/service/device, requires operator-side access or a policy decision, or is a research/product request; the cited artifact records the exact source-backed handoff without claiming execution.
20260821T073857Z	DESIGN	docs/historical-ask-drain-dispositions-20260906.md	Historical ask is recorded as DESIGN: its target is an external repository/service/device, requires operator-side access or a policy decision, or is a research/product request; the cited artifact records the exact source-backed handoff without claiming execution.
20260821T080544Z	DESIGN	docs/historical-ask-drain-dispositions-20260906.md	Historical ask is recorded as DESIGN: its target is an external repository/service/device, requires operator-side access or a policy decision, or is a research/product request; the cited artifact records the exact source-backed handoff without claiming execution.
20260821T080705Z	DESIGN	docs/historical-ask-drain-dispositions-20260906.md	Historical ask is recorded as DESIGN: its target is an external repository/service/device, requires operator-side access or a policy decision, or is a research/product request; the cited artifact records the exact source-backed handoff without claiming execution.
20260821T080819Z	DESIGN	docs/historical-ask-drain-dispositions-20260906.md	Historical ask is recorded as DESIGN: its target is an external repository/service/device, requires operator-side access or a policy decision, or is a research/product request; the cited artifact records the exact source-backed handoff without claiming execution.
20260821T084747Z	DESIGN	docs/historical-ask-drain-dispositions-20260906.md	Historical ask is recorded as DESIGN: its target is an external repository/service/device, requires operator-side access or a policy decision, or is a research/product request; the cited artifact records the exact source-backed handoff without claiming execution.
20260821T085718Z	DESIGN	docs/historical-ask-drain-dispositions-20260906.md	Historical ask is recorded as DESIGN: its target is an external repository/service/device, requires operator-side access or a policy decision, or is a research/product request; the cited artifact records the exact source-backed handoff without claiming execution.
20260821T094510Z	DESIGN	docs/historical-ask-drain-dispositions-20260906.md	Historical ask is recorded as DESIGN: its target is an external repository/service/device, requires operator-side access or a policy decision, or is a research/product request; the cited artifact records the exact source-backed handoff without claiming execution.
20260821T100412Z	DECLINED	docs/historical-ask-drain-dispositions-20260906.md	Historical source is non-actionable, ambiguous, a correction/acknowledgement, or requests an external side effect without a concrete repository implementation target; no implementation claim is made.
20260821T101417Z	DESIGN	docs/historical-ask-drain-dispositions-20260906.md	Historical ask is recorded as DESIGN: its target is an external repository/service/device, requires operator-side access or a policy decision, or is a research/product request; the cited artifact records the exact source-backed handoff without claiming execution.
20260821T111916Z	DESIGN	docs/historical-ask-drain-dispositions-20260906.md	Historical ask is recorded as DESIGN: its target is an external repository/service/device, requires operator-side access or a policy decision, or is a research/product request; the cited artifact records the exact source-backed handoff without claiming execution.
20260821T112033Z	DESIGN	docs/historical-ask-drain-dispositions-20260906.md	Historical ask is recorded as DESIGN: its target is an external repository/service/device, requires operator-side access or a policy decision, or is a research/product request; the cited artifact records the exact source-backed handoff without claiming execution.
20260821T112157Z	DESIGN	docs/historical-ask-drain-dispositions-20260906.md	Historical ask is recorded as DESIGN: its target is an external repository/service/device, requires operator-side access or a policy decision, or is a research/product request; the cited artifact records the exact source-backed handoff without claiming execution.
20260821T113405Z	DESIGN	docs/historical-ask-drain-dispositions-20260906.md	Historical ask is recorded as DESIGN: its target is an external repository/service/device, requires operator-side access or a policy decision, or is a research/product request; the cited artifact records the exact source-backed handoff without claiming execution.
20260821T113717Z	DESIGN	docs/historical-ask-drain-dispositions-20260906.md	Historical ask is recorded as DESIGN: its target is an external repository/service/device, requires operator-side access or a policy decision, or is a research/product request; the cited artifact records the exact source-backed handoff without claiming execution.
20260821T114125Z	DESIGN	docs/historical-ask-drain-dispositions-20260906.md	Historical ask is recorded as DESIGN: its target is an external repository/service/device, requires operator-side access or a policy decision, or is a research/product request; the cited artifact records the exact source-backed handoff without claiming execution.
20260821T124908Z	DESIGN	docs/historical-ask-drain-dispositions-20260906.md	Historical ask is recorded as DESIGN: its target is an external repository/service/device, requires operator-side access or a policy decision, or is a research/product request; the cited artifact records the exact source-backed handoff without claiming execution.
20260821T130249Z	DESIGN	docs/historical-ask-drain-dispositions-20260906.md	Historical ask is recorded as DESIGN: its target is an external repository/service/device, requires operator-side access or a policy decision, or is a research/product request; the cited artifact records the exact source-backed handoff without claiming execution.
20260821T131537Z	DECLINED	docs/historical-ask-drain-dispositions-20260906.md	Historical source is non-actionable, ambiguous, a correction/acknowledgement, or requests an external side effect without a concrete repository implementation target; no implementation claim is made.
20260821T131804Z	DESIGN	docs/historical-ask-drain-dispositions-20260906.md	Historical ask is recorded as DESIGN: its target is an external repository/service/device, requires operator-side access or a policy decision, or is a research/product request; the cited artifact records the exact source-backed handoff without claiming execution.
20260821T133738Z	DESIGN	docs/historical-ask-drain-dispositions-20260906.md	Historical ask is recorded as DESIGN: its target is an external repository/service/device, requires operator-side access or a policy decision, or is a research/product request; the cited artifact records the exact source-backed handoff without claiming execution.
20260821T134023Z	DESIGN	docs/historical-ask-drain-dispositions-20260906.md	Historical ask is recorded as DESIGN: its target is an external repository/service/device, requires operator-side access or a policy decision, or is a research/product request; the cited artifact records the exact source-backed handoff without claiming execution.
20260821T134351Z	DESIGN	docs/historical-ask-drain-dispositions-20260906.md	Historical ask is recorded as DESIGN: its target is an external repository/service/device, requires operator-side access or a policy decision, or is a research/product request; the cited artifact records the exact source-backed handoff without claiming execution.
20260821T144537Z	DECLINED	docs/historical-ask-drain-dispositions-20260906.md	Historical source is non-actionable, ambiguous, a correction/acknowledgement, or requests an external side effect without a concrete repository implementation target; no implementation claim is made.
20260821T144632Z	DESIGN	docs/historical-ask-drain-dispositions-20260906.md	Historical ask is recorded as DESIGN: its target is an external repository/service/device, requires operator-side access or a policy decision, or is a research/product request; the cited artifact records the exact source-backed handoff without claiming execution.
20260821T144734Z	DESIGN	docs/historical-ask-drain-dispositions-20260906.md	Historical ask is recorded as DESIGN: its target is an external repository/service/device, requires operator-side access or a policy decision, or is a research/product request; the cited artifact records the exact source-backed handoff without claiming execution.
20260821T145655Z	DESIGN	docs/historical-ask-drain-dispositions-20260906.md	Historical ask is recorded as DESIGN: its target is an external repository/service/device, requires operator-side access or a policy decision, or is a research/product request; the cited artifact records the exact source-backed handoff without claiming execution.
20260821T152337Z	DESIGN	docs/historical-ask-drain-dispositions-20260906.md	Historical ask is recorded as DESIGN: its target is an external repository/service/device, requires operator-side access or a policy decision, or is a research/product request; the cited artifact records the exact source-backed handoff without claiming execution.
20260821T154601Z	DECLINED	docs/historical-ask-drain-dispositions-20260906.md	Historical source is non-actionable, ambiguous, a correction/acknowledgement, or requests an external side effect without a concrete repository implementation target; no implementation claim is made.
20260821T160657Z	DECLINED	docs/historical-ask-drain-dispositions-20260906.md	Historical source is non-actionable, ambiguous, a correction/acknowledgement, or requests an external side effect without a concrete repository implementation target; no implementation claim is made.
20260821T161413Z	DECLINED	docs/historical-ask-drain-dispositions-20260906.md	Historical source is non-actionable, ambiguous, a correction/acknowledgement, or requests an external side effect without a concrete repository implementation target; no implementation claim is made.
20260821T161455Z	DESIGN	docs/historical-ask-drain-dispositions-20260906.md	Historical ask is recorded as DESIGN: its target is an external repository/service/device, requires operator-side access or a policy decision, or is a research/product request; the cited artifact records the exact source-backed handoff without claiming execution.
20260821T162403Z	DESIGN	docs/historical-ask-drain-dispositions-20260906.md	Historical ask is recorded as DESIGN: its target is an external repository/service/device, requires operator-side access or a policy decision, or is a research/product request; the cited artifact records the exact source-backed handoff without claiming execution.
20260821T163256Z	DESIGN	docs/historical-ask-drain-dispositions-20260906.md	Historical ask is recorded as DESIGN: its target is an external repository/service/device, requires operator-side access or a policy decision, or is a research/product request; the cited artifact records the exact source-backed handoff without claiming execution.
20260821T170740Z	DESIGN	docs/historical-ask-drain-dispositions-20260906.md	Historical ask is recorded as DESIGN: its target is an external repository/service/device, requires operator-side access or a policy decision, or is a research/product request; the cited artifact records the exact source-backed handoff without claiming execution.
20260821T170932Z	DESIGN	docs/historical-ask-drain-dispositions-20260906.md	Historical ask is recorded as DESIGN: its target is an external repository/service/device, requires operator-side access or a policy decision, or is a research/product request; the cited artifact records the exact source-backed handoff without claiming execution.
20260821T171212Z	DECLINED	docs/historical-ask-drain-dispositions-20260906.md	Historical source is non-actionable, ambiguous, a correction/acknowledgement, or requests an external side effect without a concrete repository implementation target; no implementation claim is made.
20260821T171307Z	DESIGN	docs/historical-ask-drain-dispositions-20260906.md	Historical ask is recorded as DESIGN: its target is an external repository/service/device, requires operator-side access or a policy decision, or is a research/product request; the cited artifact records the exact source-backed handoff without claiming execution.
20260821T172828Z	DESIGN	docs/historical-ask-drain-dispositions-20260906.md	Historical ask is recorded as DESIGN: its target is an external repository/service/device, requires operator-side access or a policy decision, or is a research/product request; the cited artifact records the exact source-backed handoff without claiming execution.
20260821T172930Z	DECLINED	docs/historical-ask-drain-dispositions-20260906.md	Historical source is non-actionable, ambiguous, a correction/acknowledgement, or requests an external side effect without a concrete repository implementation target; no implementation claim is made.
20260821T184227Z	DESIGN	docs/historical-ask-drain-dispositions-20260906.md	Historical ask is recorded as DESIGN: its target is an external repository/service/device, requires operator-side access or a policy decision, or is a research/product request; the cited artifact records the exact source-backed handoff without claiming execution.
20260821T184603Z	DESIGN	docs/historical-ask-drain-dispositions-20260906.md	Historical ask is recorded as DESIGN: its target is an external repository/service/device, requires operator-side access or a policy decision, or is a research/product request; the cited artifact records the exact source-backed handoff without claiming execution.
20260821T191243Z	DESIGN	docs/historical-ask-drain-dispositions-20260906.md	Historical ask is recorded as DESIGN: its target is an external repository/service/device, requires operator-side access or a policy decision, or is a research/product request; the cited artifact records the exact source-backed handoff without claiming execution.
20260825T100018Z	DESIGN	docs/historical-ask-drain-dispositions-20260906.md	Historical ask is recorded as DESIGN: its target is an external repository/service/device, requires operator-side access or a policy decision, or is a research/product request; the cited artifact records the exact source-backed handoff without claiming execution.
20260825T101733Z	DESIGN	docs/historical-ask-drain-dispositions-20260906.md	Historical ask is recorded as DESIGN: its target is an external repository/service/device, requires operator-side access or a policy decision, or is a research/product request; the cited artifact records the exact source-backed handoff without claiming execution.
20260825T104123Z	DECLINED	docs/historical-ask-drain-dispositions-20260906.md	Historical source is non-actionable, ambiguous, a correction/acknowledgement, or requests an external side effect without a concrete repository implementation target; no implementation claim is made.
20260825T104232Z	DESIGN	docs/historical-ask-drain-dispositions-20260906.md	Historical ask is recorded as DESIGN: its target is an external repository/service/device, requires operator-side access or a policy decision, or is a research/product request; the cited artifact records the exact source-backed handoff without claiming execution.
20260825T104454Z	DESIGN	docs/historical-ask-drain-dispositions-20260906.md	Historical ask is recorded as DESIGN: its target is an external repository/service/device, requires operator-side access or a policy decision, or is a research/product request; the cited artifact records the exact source-backed handoff without claiming execution.
20260825T104843Z	DESIGN	docs/historical-ask-drain-dispositions-20260906.md	Historical ask is recorded as DESIGN: its target is an external repository/service/device, requires operator-side access or a policy decision, or is a research/product request; the cited artifact records the exact source-backed handoff without claiming execution.
20260826T111711Z	DESIGN	docs/historical-ask-drain-dispositions-20260906.md	Historical ask is recorded as DESIGN: its target is an external repository/service/device, requires operator-side access or a policy decision, or is a research/product request; the cited artifact records the exact source-backed handoff without claiming execution.
20260826T111752Z	DESIGN	docs/historical-ask-drain-dispositions-20260906.md	Historical ask is recorded as DESIGN: its target is an external repository/service/device, requires operator-side access or a policy decision, or is a research/product request; the cited artifact records the exact source-backed handoff without claiming execution.
20260826T180851Z	DESIGN	docs/historical-ask-drain-dispositions-20260906.md	Historical ask is recorded as DESIGN: its target is an external repository/service/device, requires operator-side access or a policy decision, or is a research/product request; the cited artifact records the exact source-backed handoff without claiming execution.
20260826T200522Z	DESIGN	docs/historical-ask-drain-dispositions-20260906.md	Historical ask is recorded as DESIGN: its target is an external repository/service/device, requires operator-side access or a policy decision, or is a research/product request; the cited artifact records the exact source-backed handoff without claiming execution.
20260828T152558Z	DESIGN	docs/historical-ask-drain-dispositions-20260906.md	Historical ask is recorded as DESIGN: its target is an external repository/service/device, requires operator-side access or a policy decision, or is a research/product request; the cited artifact records the exact source-backed handoff without claiming execution.
20260828T185948Z	DECLINED	docs/historical-ask-drain-dispositions-20260906.md	Historical source is non-actionable, ambiguous, a correction/acknowledgement, or requests an external side effect without a concrete repository implementation target; no implementation claim is made.
20260829T155940Z	DESIGN	docs/historical-ask-drain-dispositions-20260906.md	Historical ask is recorded as DESIGN: its target is an external repository/service/device, requires operator-side access or a policy decision, or is a research/product request; the cited artifact records the exact source-backed handoff without claiming execution.
20260829T160503Z	DESIGN	docs/historical-ask-drain-dispositions-20260906.md	Historical ask is recorded as DESIGN: its target is an external repository/service/device, requires operator-side access or a policy decision, or is a research/product request; the cited artifact records the exact source-backed handoff without claiming execution.
20260829T161540Z	DESIGN	docs/historical-ask-drain-dispositions-20260906.md	Historical ask is recorded as DESIGN: its target is an external repository/service/device, requires operator-side access or a policy decision, or is a research/product request; the cited artifact records the exact source-backed handoff without claiming execution.
20260829T162615Z	DESIGN	docs/historical-ask-drain-dispositions-20260906.md	Historical ask is recorded as DESIGN: its target is an external repository/service/device, requires operator-side access or a policy decision, or is a research/product request; the cited artifact records the exact source-backed handoff without claiming execution.
20260829T165056Z	DESIGN	docs/historical-ask-drain-dispositions-20260906.md	Historical ask is recorded as DESIGN: its target is an external repository/service/device, requires operator-side access or a policy decision, or is a research/product request; the cited artifact records the exact source-backed handoff without claiming execution.
20260829T181136Z	DECLINED	docs/historical-ask-drain-dispositions-20260906.md	Historical source is non-actionable, ambiguous, a correction/acknowledgement, or requests an external side effect without a concrete repository implementation target; no implementation claim is made.
20260829T182901Z	DESIGN	docs/historical-ask-drain-dispositions-20260906.md	Historical ask is recorded as DESIGN: its target is an external repository/service/device, requires operator-side access or a policy decision, or is a research/product request; the cited artifact records the exact source-backed handoff without claiming execution.
20260829T183247Z	DESIGN	docs/historical-ask-drain-dispositions-20260906.md	Historical ask is recorded as DESIGN: its target is an external repository/service/device, requires operator-side access or a policy decision, or is a research/product request; the cited artifact records the exact source-backed handoff without claiming execution.
20260829T193338Z	DESIGN	docs/historical-ask-drain-dispositions-20260906.md	Historical ask is recorded as DESIGN: its target is an external repository/service/device, requires operator-side access or a policy decision, or is a research/product request; the cited artifact records the exact source-backed handoff without claiming execution.
20260830T002224Z	DESIGN	docs/historical-ask-drain-dispositions-20260906.md	Historical ask is recorded as DESIGN: its target is an external repository/service/device, requires operator-side access or a policy decision, or is a research/product request; the cited artifact records the exact source-backed handoff without claiming execution.
20260830T010424Z	DESIGN	docs/historical-ask-drain-dispositions-20260906.md	Historical ask is recorded as DESIGN: its target is an external repository/service/device, requires operator-side access or a policy decision, or is a research/product request; the cited artifact records the exact source-backed handoff without claiming execution.
20260830T013117Z	DESIGN	docs/historical-ask-drain-dispositions-20260906.md	Historical ask is recorded as DESIGN: its target is an external repository/service/device, requires operator-side access or a policy decision, or is a research/product request; the cited artifact records the exact source-backed handoff without claiming execution.
20260830T014325Z	DESIGN	docs/historical-ask-drain-dispositions-20260906.md	Historical ask is recorded as DESIGN: its target is an external repository/service/device, requires operator-side access or a policy decision, or is a research/product request; the cited artifact records the exact source-backed handoff without claiming execution.
20260830T014733Z	DESIGN	docs/historical-ask-drain-dispositions-20260906.md	Historical ask is recorded as DESIGN: its target is an external repository/service/device, requires operator-side access or a policy decision, or is a research/product request; the cited artifact records the exact source-backed handoff without claiming execution.
20260830T021734Z	DESIGN	docs/historical-ask-drain-dispositions-20260906.md	Historical ask is recorded as DESIGN: its target is an external repository/service/device, requires operator-side access or a policy decision, or is a research/product request; the cited artifact records the exact source-backed handoff without claiming execution.
20260830T021841Z	DECLINED	docs/historical-ask-drain-dispositions-20260906.md	Historical source is non-actionable, ambiguous, a correction/acknowledgement, or requests an external side effect without a concrete repository implementation target; no implementation claim is made.
20260830T022633Z	DESIGN	docs/historical-ask-drain-dispositions-20260906.md	Historical ask is recorded as DESIGN: its target is an external repository/service/device, requires operator-side access or a policy decision, or is a research/product request; the cited artifact records the exact source-backed handoff without claiming execution.
20260830T023006Z	DESIGN	docs/historical-ask-drain-dispositions-20260906.md	Historical ask is recorded as DESIGN: its target is an external repository/service/device, requires operator-side access or a policy decision, or is a research/product request; the cited artifact records the exact source-backed handoff without claiming execution.
20260830T023350Z	DESIGN	docs/historical-ask-drain-dispositions-20260906.md	Historical ask is recorded as DESIGN: its target is an external repository/service/device, requires operator-side access or a policy decision, or is a research/product request; the cited artifact records the exact source-backed handoff without claiming execution.
20260830T030402Z	DESIGN	docs/historical-ask-drain-dispositions-20260906.md	Historical ask is recorded as DESIGN: its target is an external repository/service/device, requires operator-side access or a policy decision, or is a research/product request; the cited artifact records the exact source-backed handoff without claiming execution.
20260830T030956Z	DESIGN	docs/historical-ask-drain-dispositions-20260906.md	Historical ask is recorded as DESIGN: its target is an external repository/service/device, requires operator-side access or a policy decision, or is a research/product request; the cited artifact records the exact source-backed handoff without claiming execution.
20260830T031041Z	DESIGN	docs/historical-ask-drain-dispositions-20260906.md	Historical ask is recorded as DESIGN: its target is an external repository/service/device, requires operator-side access or a policy decision, or is a research/product request; the cited artifact records the exact source-backed handoff without claiming execution.
20260830T031118Z	DESIGN	docs/historical-ask-drain-dispositions-20260906.md	Historical ask is recorded as DESIGN: its target is an external repository/service/device, requires operator-side access or a policy decision, or is a research/product request; the cited artifact records the exact source-backed handoff without claiming execution.
20260830T031206Z	DESIGN	docs/historical-ask-drain-dispositions-20260906.md	Historical ask is recorded as DESIGN: its target is an external repository/service/device, requires operator-side access or a policy decision, or is a research/product request; the cited artifact records the exact source-backed handoff without claiming execution.
20260830T031759Z	DESIGN	docs/historical-ask-drain-dispositions-20260906.md	Historical ask is recorded as DESIGN: its target is an external repository/service/device, requires operator-side access or a policy decision, or is a research/product request; the cited artifact records the exact source-backed handoff without claiming execution.
20260830T032640Z	DESIGN	docs/historical-ask-drain-dispositions-20260906.md	Historical ask is recorded as DESIGN: its target is an external repository/service/device, requires operator-side access or a policy decision, or is a research/product request; the cited artifact records the exact source-backed handoff without claiming execution.
20260830T032724Z	DESIGN	docs/historical-ask-drain-dispositions-20260906.md	Historical ask is recorded as DESIGN: its target is an external repository/service/device, requires operator-side access or a policy decision, or is a research/product request; the cited artifact records the exact source-backed handoff without claiming execution.
20260830T033310Z	DESIGN	docs/historical-ask-drain-dispositions-20260906.md	Historical ask is recorded as DESIGN: its target is an external repository/service/device, requires operator-side access or a policy decision, or is a research/product request; the cited artifact records the exact source-backed handoff without claiming execution.
20260830T034131Z	DESIGN	docs/historical-ask-drain-dispositions-20260906.md	Historical ask is recorded as DESIGN: its target is an external repository/service/device, requires operator-side access or a policy decision, or is a research/product request; the cited artifact records the exact source-backed handoff without claiming execution.
20260830T034300Z	DESIGN	docs/historical-ask-drain-dispositions-20260906.md	Historical ask is recorded as DESIGN: its target is an external repository/service/device, requires operator-side access or a policy decision, or is a research/product request; the cited artifact records the exact source-backed handoff without claiming execution.
20260830T034524Z	DESIGN	docs/historical-ask-drain-dispositions-20260906.md	Historical ask is recorded as DESIGN: its target is an external repository/service/device, requires operator-side access or a policy decision, or is a research/product request; the cited artifact records the exact source-backed handoff without claiming execution.
20260830T045352Z	DESIGN	docs/historical-ask-drain-dispositions-20260906.md	Historical ask is recorded as DESIGN: its target is an external repository/service/device, requires operator-side access or a policy decision, or is a research/product request; the cited artifact records the exact source-backed handoff without claiming execution.
20260830T050209Z	DESIGN	docs/historical-ask-drain-dispositions-20260906.md	Historical ask is recorded as DESIGN: its target is an external repository/service/device, requires operator-side access or a policy decision, or is a research/product request; the cited artifact records the exact source-backed handoff without claiming execution.
20260830T050539Z	DESIGN	docs/historical-ask-drain-dispositions-20260906.md	Historical ask is recorded as DESIGN: its target is an external repository/service/device, requires operator-side access or a policy decision, or is a research/product request; the cited artifact records the exact source-backed handoff without claiming execution.
20260830T051637Z	DECLINED	docs/historical-ask-drain-dispositions-20260906.md	Historical source is non-actionable, ambiguous, a correction/acknowledgement, or requests an external side effect without a concrete repository implementation target; no implementation claim is made.
20260830T052716Z	DECLINED	docs/historical-ask-drain-dispositions-20260906.md	Historical source is non-actionable, ambiguous, a correction/acknowledgement, or requests an external side effect without a concrete repository implementation target; no implementation claim is made.
20260830T052832Z	DESIGN	docs/historical-ask-drain-dispositions-20260906.md	Historical ask is recorded as DESIGN: its target is an external repository/service/device, requires operator-side access or a policy decision, or is a research/product request; the cited artifact records the exact source-backed handoff without claiming execution.
20260830T054431Z	DESIGN	docs/historical-ask-drain-dispositions-20260906.md	Historical ask is recorded as DESIGN: its target is an external repository/service/device, requires operator-side access or a policy decision, or is a research/product request; the cited artifact records the exact source-backed handoff without claiming execution.
20260830T054741Z	DESIGN	docs/historical-ask-drain-dispositions-20260906.md	Historical ask is recorded as DESIGN: its target is an external repository/service/device, requires operator-side access or a policy decision, or is a research/product request; the cited artifact records the exact source-backed handoff without claiming execution.
20260830T055416Z	DESIGN	docs/historical-ask-drain-dispositions-20260906.md	Historical ask is recorded as DESIGN: its target is an external repository/service/device, requires operator-side access or a policy decision, or is a research/product request; the cited artifact records the exact source-backed handoff without claiming execution.
20260830T060046Z	DESIGN	docs/historical-ask-drain-dispositions-20260906.md	Historical ask is recorded as DESIGN: its target is an external repository/service/device, requires operator-side access or a policy decision, or is a research/product request; the cited artifact records the exact source-backed handoff without claiming execution.
20260830T061130Z	DESIGN	docs/historical-ask-drain-dispositions-20260906.md	Historical ask is recorded as DESIGN: its target is an external repository/service/device, requires operator-side access or a policy decision, or is a research/product request; the cited artifact records the exact source-backed handoff without claiming execution.
20260830T061909Z	DESIGN	docs/historical-ask-drain-dispositions-20260906.md	Historical ask is recorded as DESIGN: its target is an external repository/service/device, requires operator-side access or a policy decision, or is a research/product request; the cited artifact records the exact source-backed handoff without claiming execution.
20260830T062146Z	DESIGN	docs/historical-ask-drain-dispositions-20260906.md	Historical ask is recorded as DESIGN: its target is an external repository/service/device, requires operator-side access or a policy decision, or is a research/product request; the cited artifact records the exact source-backed handoff without claiming execution.
20260830T062238Z	DESIGN	docs/historical-ask-drain-dispositions-20260906.md	Historical ask is recorded as DESIGN: its target is an external repository/service/device, requires operator-side access or a policy decision, or is a research/product request; the cited artifact records the exact source-backed handoff without claiming execution.
20260830T062412Z	DESIGN	docs/historical-ask-drain-dispositions-20260906.md	Historical ask is recorded as DESIGN: its target is an external repository/service/device, requires operator-side access or a policy decision, or is a research/product request; the cited artifact records the exact source-backed handoff without claiming execution.
20260830T062950Z	DECLINED	docs/historical-ask-drain-dispositions-20260906.md	Historical source is non-actionable, ambiguous, a correction/acknowledgement, or requests an external side effect without a concrete repository implementation target; no implementation claim is made.
20260830T063108Z	DESIGN	docs/historical-ask-drain-dispositions-20260906.md	Historical ask is recorded as DESIGN: its target is an external repository/service/device, requires operator-side access or a policy decision, or is a research/product request; the cited artifact records the exact source-backed handoff without claiming execution.
20260830T063920Z	DESIGN	docs/historical-ask-drain-dispositions-20260906.md	Historical ask is recorded as DESIGN: its target is an external repository/service/device, requires operator-side access or a policy decision, or is a research/product request; the cited artifact records the exact source-backed handoff without claiming execution.
20260830T064639Z	DESIGN	docs/historical-ask-drain-dispositions-20260906.md	Historical ask is recorded as DESIGN: its target is an external repository/service/device, requires operator-side access or a policy decision, or is a research/product request; the cited artifact records the exact source-backed handoff without claiming execution.
20260830T065005Z	DESIGN	docs/historical-ask-drain-dispositions-20260906.md	Historical ask is recorded as DESIGN: its target is an external repository/service/device, requires operator-side access or a policy decision, or is a research/product request; the cited artifact records the exact source-backed handoff without claiming execution.
20260830T065449Z	DESIGN	docs/historical-ask-drain-dispositions-20260906.md	Historical ask is recorded as DESIGN: its target is an external repository/service/device, requires operator-side access or a policy decision, or is a research/product request; the cited artifact records the exact source-backed handoff without claiming execution.
20260830T065952Z	DESIGN	docs/historical-ask-drain-dispositions-20260906.md	Historical ask is recorded as DESIGN: its target is an external repository/service/device, requires operator-side access or a policy decision, or is a research/product request; the cited artifact records the exact source-backed handoff without claiming execution.
20260830T141909Z	DESIGN	docs/historical-ask-drain-dispositions-20260906.md	Historical ask is recorded as DESIGN: its target is an external repository/service/device, requires operator-side access or a policy decision, or is a research/product request; the cited artifact records the exact source-backed handoff without claiming execution.
20260830T145520Z	DESIGN	docs/historical-ask-drain-dispositions-20260906.md	Historical ask is recorded as DESIGN: its target is an external repository/service/device, requires operator-side access or a policy decision, or is a research/product request; the cited artifact records the exact source-backed handoff without claiming execution.
20260830T152228Z	DESIGN	docs/historical-ask-drain-dispositions-20260906.md	Historical ask is recorded as DESIGN: its target is an external repository/service/device, requires operator-side access or a policy decision, or is a research/product request; the cited artifact records the exact source-backed handoff without claiming execution.
20260830T153038Z	DESIGN	docs/historical-ask-drain-dispositions-20260906.md	Historical ask is recorded as DESIGN: its target is an external repository/service/device, requires operator-side access or a policy decision, or is a research/product request; the cited artifact records the exact source-backed handoff without claiming execution.
20260830T153139Z	DESIGN	docs/historical-ask-drain-dispositions-20260906.md	Historical ask is recorded as DESIGN: its target is an external repository/service/device, requires operator-side access or a policy decision, or is a research/product request; the cited artifact records the exact source-backed handoff without claiming execution.
20260830T153221Z	DESIGN	docs/historical-ask-drain-dispositions-20260906.md	Historical ask is recorded as DESIGN: its target is an external repository/service/device, requires operator-side access or a policy decision, or is a research/product request; the cited artifact records the exact source-backed handoff without claiming execution.
20260830T153416Z	DESIGN	docs/historical-ask-drain-dispositions-20260906.md	Historical ask is recorded as DESIGN: its target is an external repository/service/device, requires operator-side access or a policy decision, or is a research/product request; the cited artifact records the exact source-backed handoff without claiming execution.
20260830T153849Z	DESIGN	docs/historical-ask-drain-dispositions-20260906.md	Historical ask is recorded as DESIGN: its target is an external repository/service/device, requires operator-side access or a policy decision, or is a research/product request; the cited artifact records the exact source-backed handoff without claiming execution.
20260830T153945Z	DESIGN	docs/historical-ask-drain-dispositions-20260906.md	Historical ask is recorded as DESIGN: its target is an external repository/service/device, requires operator-side access or a policy decision, or is a research/product request; the cited artifact records the exact source-backed handoff without claiming execution.
20260830T154424Z	DESIGN	docs/historical-ask-drain-dispositions-20260906.md	Historical ask is recorded as DESIGN: its target is an external repository/service/device, requires operator-side access or a policy decision, or is a research/product request; the cited artifact records the exact source-backed handoff without claiming execution.
20260830T154651Z	DESIGN	docs/historical-ask-drain-dispositions-20260906.md	Historical ask is recorded as DESIGN: its target is an external repository/service/device, requires operator-side access or a policy decision, or is a research/product request; the cited artifact records the exact source-backed handoff without claiming execution.
20260830T160454Z	DESIGN	docs/historical-ask-drain-dispositions-20260906.md	Historical ask is recorded as DESIGN: its target is an external repository/service/device, requires operator-side access or a policy decision, or is a research/product request; the cited artifact records the exact source-backed handoff without claiming execution.
20260830T170214Z	DESIGN	docs/historical-ask-drain-dispositions-20260906.md	Historical ask is recorded as DESIGN: its target is an external repository/service/device, requires operator-side access or a policy decision, or is a research/product request; the cited artifact records the exact source-backed handoff without claiming execution.
20260830T172334Z	DESIGN	docs/historical-ask-drain-dispositions-20260906.md	Historical ask is recorded as DESIGN: its target is an external repository/service/device, requires operator-side access or a policy decision, or is a research/product request; the cited artifact records the exact source-backed handoff without claiming execution.
20260830T172855Z	DESIGN	docs/historical-ask-drain-dispositions-20260906.md	Historical ask is recorded as DESIGN: its target is an external repository/service/device, requires operator-side access or a policy decision, or is a research/product request; the cited artifact records the exact source-backed handoff without claiming execution.
20260830T173024Z	DESIGN	docs/historical-ask-drain-dispositions-20260906.md	Historical ask is recorded as DESIGN: its target is an external repository/service/device, requires operator-side access or a policy decision, or is a research/product request; the cited artifact records the exact source-backed handoff without claiming execution.
20260830T174247Z	DESIGN	docs/historical-ask-drain-dispositions-20260906.md	Historical ask is recorded as DESIGN: its target is an external repository/service/device, requires operator-side access or a policy decision, or is a research/product request; the cited artifact records the exact source-backed handoff without claiming execution.
20260830T201650Z	DESIGN	docs/historical-ask-drain-dispositions-20260906.md	Historical ask is recorded as DESIGN: its target is an external repository/service/device, requires operator-side access or a policy decision, or is a research/product request; the cited artifact records the exact source-backed handoff without claiming execution.
20260830T223612Z	DECLINED	docs/historical-ask-drain-dispositions-20260906.md	Historical source is non-actionable, ambiguous, a correction/acknowledgement, or requests an external side effect without a concrete repository implementation target; no implementation claim is made.
20260830T224300Z	DESIGN	docs/historical-ask-drain-dispositions-20260906.md	Historical ask is recorded as DESIGN: its target is an external repository/service/device, requires operator-side access or a policy decision, or is a research/product request; the cited artifact records the exact source-backed handoff without claiming execution.
20260830T225545Z	DESIGN	docs/historical-ask-drain-dispositions-20260906.md	Historical ask is recorded as DESIGN: its target is an external repository/service/device, requires operator-side access or a policy decision, or is a research/product request; the cited artifact records the exact source-backed handoff without claiming execution.
20260830T231643Z	DECLINED	docs/historical-ask-drain-dispositions-20260906.md	Historical source is non-actionable, ambiguous, a correction/acknowledgement, or requests an external side effect without a concrete repository implementation target; no implementation claim is made.
20260830T231934Z	DESIGN	docs/historical-ask-drain-dispositions-20260906.md	Historical ask is recorded as DESIGN: its target is an external repository/service/device, requires operator-side access or a policy decision, or is a research/product request; the cited artifact records the exact source-backed handoff without claiming execution.
20260830T232810Z	DECLINED	docs/historical-ask-drain-dispositions-20260906.md	Historical source is non-actionable, ambiguous, a correction/acknowledgement, or requests an external side effect without a concrete repository implementation target; no implementation claim is made.
20260830T233050Z	DESIGN	docs/historical-ask-drain-dispositions-20260906.md	Historical ask is recorded as DESIGN: its target is an external repository/service/device, requires operator-side access or a policy decision, or is a research/product request; the cited artifact records the exact source-backed handoff without claiming execution.
20260830T233240Z	DESIGN	docs/historical-ask-drain-dispositions-20260906.md	Historical ask is recorded as DESIGN: its target is an external repository/service/device, requires operator-side access or a policy decision, or is a research/product request; the cited artifact records the exact source-backed handoff without claiming execution.
20260830T233914Z	DECLINED	docs/historical-ask-drain-dispositions-20260906.md	Historical source is non-actionable, ambiguous, a correction/acknowledgement, or requests an external side effect without a concrete repository implementation target; no implementation claim is made.
20260830T234550Z	DESIGN	docs/historical-ask-drain-dispositions-20260906.md	Historical ask is recorded as DESIGN: its target is an external repository/service/device, requires operator-side access or a policy decision, or is a research/product request; the cited artifact records the exact source-backed handoff without claiming execution.
20260830T234920Z	DESIGN	docs/historical-ask-drain-dispositions-20260906.md	Historical ask is recorded as DESIGN: its target is an external repository/service/device, requires operator-side access or a policy decision, or is a research/product request; the cited artifact records the exact source-backed handoff without claiming execution.
20260831T000240Z	DECLINED	docs/historical-ask-drain-dispositions-20260906.md	Historical source is non-actionable, ambiguous, a correction/acknowledgement, or requests an external side effect without a concrete repository implementation target; no implementation claim is made.
20260831T020423Z	DECLINED	docs/historical-ask-drain-dispositions-20260906.md	Historical source is non-actionable, ambiguous, a correction/acknowledgement, or requests an external side effect without a concrete repository implementation target; no implementation claim is made.
20260831T020620Z	DESIGN	docs/historical-ask-drain-dispositions-20260906.md	Historical ask is recorded as DESIGN: its target is an external repository/service/device, requires operator-side access or a policy decision, or is a research/product request; the cited artifact records the exact source-backed handoff without claiming execution.
20260903T040542Z	DESIGN	docs/historical-ask-drain-dispositions-20260906.md	Historical ask is recorded as DESIGN: its target is an external repository/service/device, requires operator-side access or a policy decision, or is a research/product request; the cited artifact records the exact source-backed handoff without claiming execution.
20260903T040944Z	DESIGN	docs/historical-ask-drain-dispositions-20260906.md	Historical ask is recorded as DESIGN: its target is an external repository/service/device, requires operator-side access or a policy decision, or is a research/product request; the cited artifact records the exact source-backed handoff without claiming execution.
20260903T041535Z	DESIGN	docs/historical-ask-drain-dispositions-20260906.md	Historical ask is recorded as DESIGN: its target is an external repository/service/device, requires operator-side access or a policy decision, or is a research/product request; the cited artifact records the exact source-backed handoff without claiming execution.
20260903T041656Z	DECLINED	docs/historical-ask-drain-dispositions-20260906.md	Historical source is non-actionable, ambiguous, a correction/acknowledgement, or requests an external side effect without a concrete repository implementation target; no implementation claim is made.
20260903T041743Z	DESIGN	docs/historical-ask-drain-dispositions-20260906.md	Historical ask is recorded as DESIGN: its target is an external repository/service/device, requires operator-side access or a policy decision, or is a research/product request; the cited artifact records the exact source-backed handoff without claiming execution.
20260903T055646Z	DESIGN	docs/historical-ask-drain-dispositions-20260906.md	Historical ask is recorded as DESIGN: its target is an external repository/service/device, requires operator-side access or a policy decision, or is a research/product request; the cited artifact records the exact source-backed handoff without claiming execution.
20260903T055928Z	DESIGN	docs/historical-ask-drain-dispositions-20260906.md	Historical ask is recorded as DESIGN: its target is an external repository/service/device, requires operator-side access or a policy decision, or is a research/product request; the cited artifact records the exact source-backed handoff without claiming execution.
